/catalog/novinki/	/new/	301	Y
/products/ukrashenija/	/products/ukrasheniya/	301	Y
/products/ukrashenija/koljtsa/	/products/ukrasheniya/koltsa/	301	Y
/products/ukrashenija/podveski/	/products/ukrasheniya/podveski-i-kresty/	301	Y
/products/ukrashenija/kolje/	/products/ukrasheniya/kole/	301	Y
/products/ukrashenija/tsepi/	/products/ukrasheniya/tsepi/	301	Y
/products/ukrashenija/broshi/	/products/ukrasheniya/broshi/	301	Y
/products/ukrashenija/braslety/	/products/ukrasheniya/braslety/	301	Y
/products/chasy/	/products/ukrasheniya/chasy/	301	Y
/products/ekskljuziv/	/products/vysokoe-yuvelirnoe-iskusstvo/	301	Y
/products/ekskljuziv/koljtsa/	/products/vysokoe-yuvelirnoe-iskusstvo/koltsa/	301	Y
/products/ekskljuziv/kolje/	/products/vysokoe-yuvelirnoe-iskusstvo/kole/	301	Y
/products/ekskljuziv/zaponki/	/products/vysokoe-yuvelirnoe-iskusstvo/zaponki/	301	Y
/products/ekskljuziv/serjgi/	/products/vysokoe-yuvelirnoe-iskusstvo/sergi/	301	Y
/products/ekskljuziv/broshi/	/products/vysokoe-yuvelirnoe-iskusstvo/broshi/	301	Y
/products/ekskljuziv/kresty/	/products/ekskljuziv/kresty/	301	Y
/products/ekskljuziv/podveski/	/products/ekskljuziv/podveski/	301	Y
/products/ekskljuziv/braslety/	/products/vysokoe-yuvelirnoe-iskusstvo/braslety/	301	Y
/products/ekskljuziv/diplomaticheskie_podarki_iz_kamnja/	/products/ekskljuziv/diplomaticheskie_podarki_iz_kamnja/	301	Y
/offers/	/sale/	301	Y
/collections/	/products/kollektsii/	301	Y
/products/aksessuary-i-suveniry-/	/products/dom-aksessuary/	301
/products/kollektsii/	/products/kollektsii/ukrasheniya/	301
/products/kuljtovye_izdelija/	/products/ukrasheniya/podveski-i-kresty/filter/item_type-is-id-krest-or-e484a83d-0081-11e6-80d7-0cc47a6c103f-or-e65b6254-108b-11e8-8152-0cc47a6c103e/apply/	301
/service/p368-publichnaja_oferta_pravila_prodazhi/	https://market1.russam.ru/service/p368-publichnaja_oferta_pravila_prodazhi/	301
